Slide,array,spotID,Yes/Somewhat,Number of Objects,,imagey,imagex,glare
V10A27106,D1,CGGAGCAATTTAATCG-1,Yes,2,,12926,9226,1
V10A27106,D1,GTTTGGTAGGGTCAAC-1,Yes,1,,12751,9125,1
V10A27106,D1,CCTCTGTACTATTCTA-1,Yes,3,,12750,9326,1
V10A27106,D1,GCGTCGCCAGGGTGAT-1,Somewhat,7,,12925,9428,1
V10A27106,D1,TGGGCCCATACTAATT-1,Yes,1,,11686,12143,2
V10A27106,D1,TTAGTTATTCGTGGCA-1,Yes,3,,11686,12344,2
V10A27106,D1,CTGGTTTCGAGCAAGA-1,Yes,2,,11512,12041,2
V10A27106,D1,ACTTATTTATGTGCCA-1,Yes,2,,11511,12243,2
V10T31036,A1,ACGGATGGTGCGGATA-1,Yes,1,,13376,11506,1
V10T31036,A1,ACTTACGCATCCACGC-1,Yes,1,,13550,11405,1
V10T31036,A1,GAGCACCTGTGTCCAG-1,Yes,2,,13551,11606,1
V10T31036,D1,AAGCTCGTGCCAAGTC-1,Yes,1,,8382,10831,1
V10T31036,D1,TTCAAAGTCTCTAGCC-1,Yes,3,,8382,11033,1
V10T31036,D1,AACGTGCGAAAGTCTC-1,Yes,1,,8558,10933,1
V10T31036,D1,CCGCACAAAGACCAAC-1,Yes,3,,8557,11135,1
V10T31036,D1,CGATAGCGATACAGTG-1,Yes,1,,13842,4480,2
V10T31036,D1,ATTATGAGACCCAATT-1,Somewhat,3,,13842,4682,2
V10T31036,D1,AATTGCGTGGATTACA-1,Yes,2,,14018,4380,2
V10T31036,D1,CGCCCTAATTGTTCAA-1,Yes,1,,14018,4582,2
V10T31036,D1,GTGGCCGGTTTCTCGG-1,Yes,4,,14194,4481,2